final_rank,source,department,category_path,category_name,asin,title,brand,price,price_num,rating,review_count,review_count_num,profit_score,feasibility_score,recommendation_score,china_seller_suitability,opportunity_point,risk_point,feasibility_analysis,bullet_1,bullet_2,bullet_3,bullet_4,bullet_5,image_url,local_image,product_url,category_url,preferred_hits,risk_hits,commodity_hits,exclude_reasons
1,New Releases,Electronics,Electronics > Portable Audio & Video > Portable Speakers & Docks,Portable Speakers & Docks,B0GCJ127BR,"JUOVI Bluetooth Speaker,20W Stereo Sound,Wireless Speaker with Bluetooth 6.0,24H Playtime,IP68 Waterproof Shower Speaker,TWS Pairing, Support TF Card,AUX 3.5mm Input,Speaker for Home,Outdoor,Travel",Visit the JUOVI Store,$35.12,35.12,4.4,198,198,96,66,82,适合优先研究,轻小件/配件属性明显，可通过材质、套装、颜色、兼容型号、包装和说明书做差异化；评论壁垒相对不高，新品仍可能切入；价格带适合小件FBA和广告测试,涉及bluetooth、wireless，需检查FCC/UL/电池/安全合规或售后责任,适合优先研究；供应链侧可通过轻改款/组合装/配件化运营；上架前必须做合规和退货风险评估,"20W Powerful Sound dual-driver Bluetooth speaker: With ample power reserve, it delivers stable sound even at maximum volume, eliminating distortion. Dual drivers ensure clear vocals and punchy beats for music, crisp speech for podcasts/audiobooks, and immersive audio for movies","Bluetooth 6.0: Featuring the new-gen Bluetooth 6.0 protocol, it significantly enhances anti-interference capability and system stability in high-density device environments compared to the widely-used Bluetooth 5.4, delivering a purer connection experience","24H Playtime and IP68 Waterproof Speaker: This waterproof bluetooth speaker provides up to 24 hours of continuous play (varies with usage) for lasting outdoor entertainment. Boasting a complete IP68 waterproof rating, it is built for the pool, shower, beach, and all your adventures, serving as the perfect portable wireless speaker for hiking, camping, or rainy days","Built-in Mic and Hands-Free Calls: Whether you’re cooking, driving, in meetings or doing chores, our portable bluetooth speaker lets you take calls hands-free without touching your phone—crisp voice pickup ensures clear, uninterrupted chats. Remotely activate Siri or other phone voice assistants, completely freeing you from your phone","Versatile Connectivity: This speaker bluetooth portable supports Bluetooth, AUX input and MicroSD MP3 playback—beating Bluetooth-only models in reliability, sound quality and freedom. AUX avoids wireless interference for stable, lossless audio; MicroSD enables offline MP3 playback without phones/players",https://m.media-amazon.com/images/I/71FeE8CU2JL._AC_SY355_.jpg,data/amazon_3c/filtered_30_opportunities/images/B0GCJ127BR.jpg,https://www.amazon.com/dp/B0GCJ127BR,https://www.amazon.com/gp/new-releases/electronics/689637011/ref=zg_bsnr_nav_electronics_2_172623,"dock, remote","bluetooth, wireless",,
2,New Releases,Camera & Photo,Camera & Photo > Binoculars & Scopes,Binoculars & Scopes,B0GBVMCM44,"Opera Glasses 3X25 with Adjustable Handle,Chain,Magnifying Glass,BK9 Optical Prism, Mini Compact Vintage Theater Binoculars for Women Adults Kids in Opera Musical Concert-Black",Visit the YINMONE Store,$25.99,25.99,4.4,15,15,92,70,82,适合优先研究,轻小件/配件属性明显，可通过材质、套装、颜色、兼容型号、包装和说明书做差异化；内容创作者场景可套装化，卖点能围绕直播/会议/拍摄效率展开；评论壁垒相对不高，新品仍可能切入,涉及camera，需检查FCC/UL/电池/安全合规或售后责任,适合优先研究；供应链侧可通过轻改款/组合装/配件化运营；上架前必须做合规和退货风险评估,"[Elegant & Portable Opera Glasses]- BOSTRON 3x25 theatre binoculars feature a vintage-inspired design with foldable handle & Magnifying Glass. Ultra-lightweight (6.2oz) fits in purses/pockets, perfect for operas, concerts and horse races.","[Crystal Clear BK4 Prism Optics]- Premium BK4 prism delivers brighter, sharper images with true-color reproduction. 3x25mm lenses provide wide-field viewing without distortion - ideal for distant stages or race tracks.","[Adjustable Handle,Chain & Magnifying Glass]- Ergonomic extendable handle allows one-handed use while the stylish Magnifying Glass prevents drops. Quick focus knob ensures crisp images for adults/kids at theaters or museums.","[Includes Premium Carry Pouch]- Comes with soft protective pouch for scratch-free storage. Compact design (3.5×2×1.2in) makes it travel-ready for cruises, Broadway shows or romantic date nights.","[Perfect Gift for Culture Lovers]- Exquisite gold-trimmed binoculars in gift-ready packaging. Ideal birthday/Christmas present for theatergoers, music fans and vintage accessory collectors.",https://m.media-amazon.com/images/I/71lzoQYzKKL._AC_SY355_.jpg,data/amazon_3c/filtered_30_opportunities/images/B0GBVMCM44.jpg,https://www.amazon.com/dp/B0GBVMCM44,https://www.amazon.com/gp/new-releases/photo/499320/ref=zg_bsnr_nav_photo_1,light,camera,,
3,New Releases,Electronics,Electronics > Accessories & Supplies > Power Strips & Surge Protectors,Power Strips & Surge Protectors,B0GQY2RSSS,"Stopwatt SmartPlug Device, Stop Watt Device Plug-in for Home & Office US Plug 90V-250V 30KW 4 Pack",Brand: Bloockwiz,$31.99,31.99,4.3,163,163,96,62,81,适合优先研究,轻小件/配件属性明显，可通过材质、套装、颜色、兼容型号、包装和说明书做差异化；可做细分型号适配和外观差异，但要避免纯价格战；内容创作者场景可套装化，卖点能围绕直播/会议/拍摄效率展开,涉及power strip、smart、surge protector，需检查FCC/UL/电池/安全合规或售后责任,适合优先研究；供应链侧可通过轻改款/组合装/配件化运营；上架前必须做合规和退货风险评估,Safe and Durable,"Multi-Functional Compatibility: Compatible with a wide range of appliances such as air conditioners, refrigerators, washing machines, etc.","Safe And Reliable: The shell of product is made of advanced fire and explosion-proof materials, and there are leakage protection measures inside","Easy To Use: The electric plug in device is designed to be plug and play and is very easy to use. Simply plug it into any outlet and it will start working when the green light is on, without any complicated installation or setup","Perfect For Appliances: Suitable for appliances, It works equally well with smaller electronic gadgets",https://m.media-amazon.com/images/I/61H06WYPIgL._SX342_.jpg,data/amazon_3c/filtered_30_opportunities/images/B0GQY2RSSS.jpg,https://www.amazon.com/dp/B0GQY2RSSS,https://www.amazon.com/gp/new-releases/electronics/17854127011/ref=zg_bsnr_nav_electronics_2_281407,"light, protector","power strip, smart, surge protector",,
4,New Releases,Electronics,Electronics > Accessories & Supplies > Power Strips & Surge Protectors,Power Strips & Surge Protectors,B0GTFDDJBM,Electricity Saving Box Energy Saving Device Smart Save Plug Power Saver Voltage Optimization Surge Protection Thermoregulation Outlet Home Office Compact Plug and Play Energy Efficiency(2PCS),Brand: OGTKHRT,$18.88,18.88,4.3,51,51,96,62,81,适合优先研究,轻小件/配件属性明显，可通过材质、套装、颜色、兼容型号、包装和说明书做差异化；结构件适合中国供应链开模或小改款，重点做稳定性、承重、安装体验；可做细分型号适配和外观差异，但要避免纯价格战,涉及power strip、smart、surge protector，需检查FCC/UL/电池/安全合规或售后责任,适合优先研究；供应链侧可通过轻改款/组合装/配件化运营；上架前必须做合规和退货风险评估,Smart Voltage Monitoring for Stable Power: Continuously detects voltage fluctuations and helps stabilize current flow to support smoother operation of household appliances Built-in intelligent sensing helps reduce instability caused by uneven power supply making daily electricity usage more consistent and reliable,Overload and Surge Protection for Safety: Designed with overload and overvoltage protection to help balance current and reduce risk of electrical damage The system supports safer operation by minimizing stress on connected devices and helping prevent unexpected power issues in home or office environments,Energy Optimization to Reduce Waste: Works by optimizing voltage and balancing current to help reduce energy loss from inefficient power transmission Supports improved power factor and helps minimize unnecessary electricity waste for more efficient daily energy usage across common appliances,Flame Retardant ABS Housing: Built with durable ABS material designed for heat resistance and flame retardancy The outer shell helps withstand high temperatures and adds an extra layer of protection making it suitable for long term use in various indoor environments,Auto Shut Off and Indicator Light Design: Equipped with overheating protection that automatically cuts off power when temperature gets too high and resumes after cooling Includes a visible indicator light so you can easily confirm working status while enjoying simple plug and play installation for home office or commercial use,https://m.media-amazon.com/images/I/616de6MqMGL._AC_SY355_.jpg,data/amazon_3c/filtered_30_opportunities/images/B0GTFDDJBM.jpg,https://www.amazon.com/dp/B0GTFDDJBM,https://www.amazon.com/gp/new-releases/electronics/17854127011/ref=zg_bsnr_nav_electronics_2_281407,"light, protector, stand","power strip, smart, surge protector",,
5,New Releases,Computers & Accessories,Computers & Accessories > Laptop Accessories,Laptop Accessories,B0GGXVC5K3,"BAGSMART 40L Travel Backpack for Women & Men Fits 17-Inch Laptop, Airline Approved Carry On Backpack with Wet Pocket & Shoe Pouch, Water-Resistant Personal Item Travel Bag, Coffee",Visit the BAGSMART Store,$45.99,45.99,4.9,26,26,88,68,79,适合优先研究,轻小件/配件属性明显，可通过材质、套装、颜色、兼容型号、包装和说明书做差异化；结构件适合中国供应链开模或小改款，重点做稳定性、承重、安装体验；可做细分型号适配和外观差异，但要避免纯价格战,涉及led、security、smart，需检查FCC/UL/电池/安全合规或售后责任,适合优先研究；供应链侧可通过轻改款/组合装/配件化运营；上架前必须做合规和退货风险评估,"✈️ Personal Item Airline Approved: Sized at 12.6""×7.9""×17.9"" (40L), it slips perfectly under the seat in front of you. The 180° zipper opening allows for hassle-free airport security checks. This BAGSMART travel backpack meets most airline personal item requirements for Spirit, Frontier, EasyJet, and other airlines","📦 Smart Interior with Removable Divider: The main compartment features a custom removable divider, letting you switch between spacious mode for bulky items or organized mode with separate zones for clothes, electronics, and documents. No more digging through a black hole","👟 PVC Waterproof Wet Pocket & Separate Shoe Compartment: The built-in waterproof PVC pocket keeps wet towels or toiletries completely sealed away from dry items. Plus, a dedicated shoe compartment prevents footwear from touching your clean clothes","🎒 One Bag for Every Adventure: Padded top and side handles offer versatile carrying options—haul it like a duffel, tote it like a briefcase, or wear it as a backpack. Perfect for weekend travel, bussiness trip, camping, hiking, and daily commutes","🌍 Comfortable and Durable: Crafted from tear-resistant and water-resistant materials, this backpack withstands daily wear and unpredictable weather. The padded straps ensure an even distribution of weight, while the breathable mesh on the backside keeps you cool and provides ergonomic support for your back",https://m.media-amazon.com/images/I/81b4i5Mdi+L._AC_SY355_.jpg,data/amazon_3c/filtered_30_opportunities/images/B0GGXVC5K3.jpg,https://www.amazon.com/dp/B0GGXVC5K3,https://www.amazon.com/gp/new-releases/pc/3011391011/ref=zg_bsnr_nav_pc_1,"bag, bags, case, stand, strap","led, security, smart",,
6,New Releases,Electronics,Electronics > Headphones > Open-Ear Headphones,Open-Ear Headphones,B0GFCR9X7H,"Upgraded Clip-On Earbuds Comfortable Fit,Open Ear Buds Bluetooth 6.0 Wireless Headphones for Women, Lightweight for Small Ears,Stable Connection for Work, Sports, Glasses Friendly & Gift",Visit the WUYUEGE Store,$28.48,28.48,4.6,59,59,96,54,77,适合观察/二次验证,轻小件/配件属性明显，可通过材质、套装、颜色、兼容型号、包装和说明书做差异化；可做细分型号适配和外观差异，但要避免纯价格战；内容创作者场景可套装化，卖点能围绕直播/会议/拍摄效率展开,涉及battery、bluetooth、charging、wireless，需检查FCC/UL/电池/安全合规或售后责任,适合观察/二次验证；供应链侧可通过轻改款/组合装/配件化运营；上架前必须做合规和退货风险评估,"WUYUEGE Refined Upgrade for Everyday Comfort The all-new clip-on earbuds are refined based on user feedback, delivering a lighter, more comfortable, and more natural wearing experience. The improved open-ear structure reduces pressure on the ear, allowing effortless all-day comfort. Whether you're commuting, walking, or relaxing, it blends seamlessly into your daily rhythm.","All-Day Wear Comfort with Almost Weightless Feel Featuring an ergonomic C-shaped clip-on design, these earbuds gently fit along the ear without entering the ear canal or causing pressure. Even with glasses or long hours of use, they stay stable and comfortable. Ideal for commuting, office work, and light activities, making it easy to forget you're even wearing them.","Upgraded Dynamic Sound with Clear Vocals Equipped with 10mm dynamic drivers and AAC/SBC support, these earbuds deliver clear vocals, balanced mids, and enhanced bass performance. With a 20Hz–20KHz frequency range, they provide a rich and natural listening experience for music, podcasts, and audiobooks.","Bluetooth 6.0 Stable Connection for Seamless Use Powered by advanced Bluetooth 6.0 technology, the earbuds ensure faster pairing and a more stable wireless connection within a 10-meter range.","Extended Battery Life for Daily Routine Enjoy up to 4–5 hours of playback on a single charge, with the 300mAh charging case providing multiple additional charges. Designed to support your daily lifestyle from work to travel without frequent charging interruptions.",https://m.media-amazon.com/images/I/61zTtaYLGzL._AC_SY355_.jpg,data/amazon_3c/filtered_30_opportunities/images/B0GFCR9X7H.jpg,https://www.amazon.com/dp/B0GFCR9X7H,https://www.amazon.com/gp/new-releases/electronics/99530371011/ref=zg_bsnr_nav_electronics_2_172541,"case, light","battery, bluetooth, charging, wireless",,
7,New Releases,Computers & Accessories,Computers & Accessories > Laptop Accessories,Laptop Accessories,B0GHM774W4,"LOVEVOOK Laptop Tote Bag for Women Work, Vintage Leather Teacher Nurse Bag with Large Cup Holder, Bible Handbag Purse GIfs, Waterproof Professional Computer Briefcase for Business Office, 15.6 Inch",Visit the LOVEVOOK Store,$49.99,49.99,4.6,51,51,86,66,77,适合观察/二次验证,轻小件/配件属性明显，可通过材质、套装、颜色、兼容型号、包装和说明书做差异化；结构件适合中国供应链开模或小改款，重点做稳定性、承重、安装体验；可做细分型号适配和外观差异，但要避免纯价格战,涉及charger、smart，需检查FCC/UL/电池/安全合规或售后责任,适合观察/二次验证；供应链侧可通过轻改款/组合装/配件化运营；上架前必须做合规和退货风险评估,"SMART POCKET DESIGN: The front features a large open pocket and a zippered pocket for quick access—great for teachers (pens, sticky notes, clicker), nurses (scissors, tape, penlight), or moms (tissues, wipes, diapers, snacks). On the back, a hidden zippered pocket keeps valuables like your phone, wallet, or keys close to your body for extra safety.","EXPANDABLE WATER BOTTLE HOLDER: Zipper expansion fits up to a 40oz tumbler, with an elastic strap to hold it tight. Perfect for your morning coffee, large water bottle, or iced tea on the go. No more spills or tipping over—whether you're rushing to work, driving long hours, or working a busy shift. Keeps you hydrated all day long.","LARGE CAPACITY & SEPARATE LAPTOP COMPARTMENT: Separate padded slots fit both a 15.6-inch laptop and a tablet at the same time. The hard leather exterior adds extra protection from bumps. The main compartment easily holds thick books, files, and even a bulky laptop charger without bulging or making it hard to zip closed. No more struggling to close your bag.","STRUCTURED HARD LEATHER: Keeps its shape even when empty—no sagging or flopping over. Stays looking great even when fully packed. The smooth surface is easy to clean; just wipe with a damp cloth. Built to last with a durable finish that resists scratches and everyday wear. Perfect for setting on classroom floors, nurse stations, or airport belts without worry.","EASY TO USE FOR WORK, TRAVEL & MORE: Looks professional at the office, and also works perfectly as a diaper bag, weekend bag, or daily carry for campus and library use. Padded handles feel comfortable to carry all day.The luggage strap slides over your suitcase for easy travel, whether you're catching a flight or taking a train.",https://m.media-amazon.com/images/I/71lVVd5rPDL._AC_SY355_.jpg,data/amazon_3c/filtered_30_opportunities/images/B0GHM774W4.jpg,https://www.amazon.com/dp/B0GHM774W4,https://www.amazon.com/gp/new-releases/pc/3011391011/ref=zg_bsnr_nav_pc_1,"bag, case, holder, light, strap","charger, smart",,
8,New Releases,Computers & Accessories,Computers & Accessories > Networking Products,Networking Products,B0GWQCSPZF,"2026 1.2Gbps WiFi Extender Signal Booster, Up to 12880 Sq. Ft, Dual Band(5GHz/2.4GHz), Easy Setup WiFi Range Extender for Home with Ethernet Port, Stable Speed Repeater with 100+ Devices (White)",Visit the FjUoLzgK Store,$47.04,47.04,5.0,26,26,88,60,75,适合观察/二次验证,轻小件/配件属性明显，可通过材质、套装、颜色、兼容型号、包装和说明书做差异化；评论壁垒相对不高，新品仍可能切入；价格带适合小件FBA和广告测试,涉及security、wifi，需检查FCC/UL/电池/安全合规或售后责任,适合观察/二次验证；供应链侧可通过轻改款/组合装/配件化运营；上架前必须做合规和退货风险评估,"[Stable Dual-Band Signal, Faster Speed] This WiFi extender signal booster is a high performance dual band booster with 1.2Gbps 5GHz and 300Mbps 2.4GHz channels, reducing latency by 85% compared to single band WiFi extenders","[360° Coverage, Wider Range] This WiFi Range Extender is equipped with 4 adjustable external antennas to provide coverage up to 12,880 sq. ft., and uses beam forming technology to maintain 75% of original speed even through 3 concrete walls.","[Enterprise Grade Security, More Secure] Advanced security features are capable of delivering enterprise-grade protection with WPA3 encryption and automatic device isolation, blocking 99.8% of port-scanning attacks in real time","[Compact Design, Eco-Friendly] The compact, low-power WiFi Repeater ensures minimal energy consumption while extending reliable long-range WiFi coverage, blending discreetly into any environment","[Simple Setup & Professional Technical Support] This WiFi range extender is a user-friendly solution with Ethernet port, clear instructions and responsive technical support, allowing anyone to set it up without technical expertise",https://m.media-amazon.com/images/I/61W4czN313L._AC_SY355_.jpg,data/amazon_3c/filtered_30_opportunities/images/B0GWQCSPZF.jpg,https://www.amazon.com/dp/B0GWQCSPZF,https://www.amazon.com/gp/new-releases/pc/172504/ref=zg_bsnr_nav_pc_1,cover,"security, wifi",,
9,New Releases,Electronics,Electronics > Portable Audio & Video > Portable Speakers & Docks,Portable Speakers & Docks,B0GYHJZGQY,"Portable Mini Bluetooth Speaker with HD Sound, LED Power Display, Big Pro Sound with Punchy Bass,Integrated Carabiner, 25H Playtime, Colorful RGB Lights, TWS pairing,Outdoor/Party/Travel, Gift Ideas",Visit the coioc Store,$19.99,19.99,4.8,133,133,92,52,74,适合观察/二次验证,轻小件/配件属性明显，可通过材质、套装、颜色、兼容型号、包装和说明书做差异化；结构件适合中国供应链开模或小改款，重点做稳定性、承重、安装体验；内容创作者场景可套装化，卖点能围绕直播/会议/拍摄效率展开,涉及battery、bluetooth、charging、led、wireless，需检查FCC/UL/电池/安全合规或售后责任,适合观察/二次验证；供应链侧可通过轻改款/组合装/配件化运营；上架前必须做合规和退货风险评估,"【High-Fidelity 360° Stereo, Immersive Sound Experience】The high-fidelity 360° stereo design makes the sound of this Bluetooth speaker more immersive and impactful. Whether you are directly in front of or to the side of the speaker, you can experience balanced and clear surround sound, as if you were at a live concert. This portable speaker uses advanced audio processing technology to reproduce every detail of the music, allowing users to feel as if they are in the world of music, enjoying a more convenient music experience, and ensuring powerful bass effects at any volume.","【30W Dual Speakers and TWS Pairing】This powerful Bluetooth speakers has an output power of up to 30W, ensuring ample volume output. The built-in powerful BASS 3.0 bass system and large 66mm speakers can enhance bass by 85%, and the low-frequency depth is improved by up to 600% compared to smaller speakers. You can easily pair two Bluetooth speakers to achieve true wireless stereo Hi-Fi sound quality. No matter where you are in the room, you can feel the music surrounding you from all directions, as if you were in a luxurious private cinema.","【Portable Carabiner & LED Battery Display】The unique body design and stylish, colorful fabric exterior, along with the integrated wide-mouth vertical hook, redefine the standard for mobile music. It can be easily hooked onto your waist, in your car, or in your backpack for convenient carrying. It features an AUX/USB/TF card slot (supporting WAV/FLAC/APE/MP3 formats). An integrated LED display accurately shows the remaining battery level, from 1% to 100%, allowing you to monitor the device's battery at any time and avoid inconvenience caused by low power. Whether in daily life, traveling, or exercising, you can always keep track of the battery level.","【25H Long Battery Life and Waterproof & Dustproof】The speaker uses advanced battery technology and is equipped with a high-capacity battery, providing up to one year of standby time. A single charge provides over 30 hours of playback and supports fast charging, allowing you to enjoy long-lasting music. This waterproof speaker has an IPX68 dust and water resistance rating, effectively preventing rain and dust corrosion, and can function normally in various harsh outdoor environments. Whether camping, partying, or traveling, you don't need to worry about the weather affecting the device.","【RGB Light Show】This mimi Bluetooth speaker delivers a dynamic light show synchronized with the music, bringing a whole new experience to your parties. The top of the speaker features three RGB lighting zones with five dimming modes: Rhythm, Rainbow, Breathing, Gradient, and Off. As you immerse yourself in the music, the soft lighting creates a rich party atmosphere, delivering a pure and delicate sound experience that makes any party more unforgettable. The latest Bluetooth 5.4 technology provides a 50-foot wireless transmission distance, ensuring smooth audio signal transmission with reduced stuttering and latency, compatible with your mobile phone, tablet, computer, and other devices.",https://m.media-amazon.com/images/I/814U7hfYvDL._AC_SY355_.jpg,data/amazon_3c/filtered_30_opportunities/images/B0GYHJZGQY.jpg,https://www.amazon.com/dp/B0GYHJZGQY,https://www.amazon.com/gp/new-releases/electronics/689637011/ref=zg_bsnr_nav_electronics_2_172623,"dock, light, microphone, stand","battery, bluetooth, charging, led, wireless",,
10,New Releases,Electronics,Electronics > Accessories & Supplies > Power Strips & Surge Protectors,Power Strips & Surge Protectors,B0GY6XBHT3,2026 Upgrade Power Efficiency Device Remove Surges Automatic Thermoregulation Compact Design Easy Installation Hot Swappable Plug and Play Defender Device with ABS Material,Brand: OJJ,$19.99,19.99,5.0,2,2,88,56,74,适合观察/二次验证,轻小件/配件属性明显，可通过材质、套装、颜色、兼容型号、包装和说明书做差异化；结构件适合中国供应链开模或小改款，重点做稳定性、承重、安装体验；可做细分型号适配和外观差异，但要避免纯价格战,涉及power strip、security、smart、surge protector，需检查FCC/UL/电池/安全合规或售后责任,适合观察/二次验证；供应链侧可通过轻改款/组合装/配件化运营；上架前必须做合规和退货风险评估,"Versatile Application Settings: Suitable for varied settings including homes, offices, coffeehouses, eateries, and small factories-this power factor corrector effectively reduces power expenses while promoting efficient utilization","Power Optimization Technology: This defender optimizes standard by stabilizing potential, stability current, and filtering damaging resonances, reducing power waste and improving power factor for consistent electricity reserves on large appliances like refrigerators and air conditioners","Durable Construction with Safety Features: Constructed with permanent ABS substance, the defender includes smart overheating security that auto shuts off when temperatures rise, then resumes action after cooling, ensuring security and longevity","Device Protection and Performance Enhancement: Protects and enhances device execution by stabilizing potential, stopping overburden damage, and reducing wear on devices like fridges and air conditioning units, extending their existence while saving power","Simple Installation and Compact Design: Featuring plug and play convenience, simply insert instrument into any standard wall outlet-the green indicator light confirms action. Its compact, modern design (102x64x62mm) blends seamlessly into residences or offices without occupying extra",https://m.media-amazon.com/images/I/61bxq2e7lSL._AC_SY355_.jpg,data/amazon_3c/filtered_30_opportunities/images/B0GY6XBHT3.jpg,https://www.amazon.com/dp/B0GY6XBHT3,https://www.amazon.com/gp/new-releases/electronics/17854127011/ref=zg_bsnr_nav_electronics_2_281407,"filter, light, protector, stand","power strip, security, smart, surge protector",,
11,New Releases,Electronics,Electronics > Portable Audio & Video > Radios,Radios,B0G7Z8HRCR,"TOMASHI Portable FM Radio Bluetooth Speaker, Auto Scan, MP3 Player with Micro SD, LCD Display, Type-C Rechargeable, Earphone Jack, Compact Travel Radio",Brand: TOMASHI,$29.99,29.99,4.7,4,4,92,50,73,适合观察/二次验证,轻小件/配件属性明显，可通过材质、套装、颜色、兼容型号、包装和说明书做差异化；内容创作者场景可套装化，卖点能围绕直播/会议/拍摄效率展开；评论壁垒相对不高，新品仍可能切入,涉及battery、bluetooth、charging、radio，需检查FCC/UL/电池/安全合规或售后责任,适合观察/二次验证；供应链侧可通过轻改款/组合装/配件化运营；上架前必须做合规和退货风险评估,"Bluetooth Speaker & FM Radio: Enjoy both live FM radio and Bluetooth audio in one compact device, easily switch between stations and your favorite music for flexible everyday listening","Auto Scan FM Radio (ATS): Automatically scans and saves available stations, so you can find channels quickly without manual tuning, simple and hassle-free to use","MP3 Player with Micro SD & Numeric Keys: Play your own music, audiobooks, or recordings via Micro SD card, while the numeric keypad allows quick track selection and easy control","Type-C Rechargeable Battery: Built-in rechargeable lithium battery with modern Type-C charging lets you power up anytime, no disposable batteries needed","Portable with Earphone Jack: Compact and lightweight with a hand strap for easy carrying, plus a 3.5mm earphone jack for private listening at home, travel, or outdoors",https://m.media-amazon.com/images/I/61Ocbyxir4L._AC_SY355_.jpg,data/amazon_3c/filtered_30_opportunities/images/B0G7Z8HRCR.jpg,https://www.amazon.com/dp/B0G7Z8HRCR,https://www.amazon.com/gp/new-releases/electronics/172681/ref=zg_bsnr_nav_electronics_2_172623,"light, strap","battery, bluetooth, charging, radio",,
12,New Releases,Electronics,Electronics > Accessories & Supplies > Mounts,Mounts,B0FZ9NWHVX,"Universal TV Mounting Hardware Screw Kit - Complete Set of M4 M5 M6 M8 Bolts with Washers & Spacers for Most TV Wall Mounts/Display up to 80 inches, Fits VESA Standard (Black)",Visit the PUTORSEN Store,$7.99,7.99,4.7,155,155,78,66,73,适合观察/二次验证,轻小件/配件属性明显，可通过材质、套装、颜色、兼容型号、包装和说明书做差异化；结构件适合中国供应链开模或小改款，重点做稳定性、承重、安装体验；评论壁垒相对不高，新品仍可能切入,涉及led，需检查FCC/UL/电池/安全合规或售后责任,适合观察/二次验证；供应链侧可通过轻改款/组合装/配件化运营；上架前必须做合规和退货风险评估,Universal Compatibility: Fits most TVs and monitors up to 80 inches that comply with VESA mounting standards—ideal for a wide range of brands and models,"All-In-One Hardware Kit: Comes complete with M4, M5, M6, and M8 bolts, plus an assortment of washers and spacers to accommodate various mounting requirements","Effortless Installation: All components are clearly organized and labeled, allowing you to complete your setup quickly and with ease","Works with Any Mount Type: Compatible with fixed, tilting, and full-motion brackets, giving you flexibility to match your viewing setup and preference","Built to Last: Made from high-strength steel, each piece delivers reliable, long-lasting support to keep your TV or monitor securely in place",https://m.media-amazon.com/images/I/71FFB6SnpkL._SX342_.jpg,data/amazon_3c/filtered_30_opportunities/images/B0FZ9NWHVX.jpg,https://www.amazon.com/dp/B0FZ9NWHVX,https://www.amazon.com/gp/new-releases/electronics/10966911/ref=zg_bsnr_nav_electronics_2_281407,"bracket, mount, stand",led,,
13,New Releases,Electronics,Electronics > Headphones > Open-Ear Headphones,Open-Ear Headphones,B0GWJGS78S,"BUGANI Open Ear Earbuds, Open Ear Headphones, Running Earbuds Wireless, Headphones Bluetooth Wireless 5.4, Noise Cancelling Earbuds 60H Playtime, IPX5 Waterproof Earphones for Workout, Running, Sport",Visit the BUGANI Store,$21.99,21.99,5.0,6,6,88,48,70,适合观察/二次验证,轻小件/配件属性明显，可通过材质、套装、颜色、兼容型号、包装和说明书做差异化；可做细分型号适配和外观差异，但要避免纯价格战；评论壁垒相对不高，新品仍可能切入,涉及battery、bluetooth、charging、smart、wireless，需检查FCC/UL/电池/安全合规或售后责任,适合观察/二次验证；供应链侧可通过轻改款/组合装/配件化运营；上架前必须做合规和退货风险评估,"【Bluetooth 5.4】Our Bluetooth 5.4 earbuds offer instant pairing, connecting to your devices in seconds. Advanced technology guarantees a stable connection, even in crowded areas, ensuring uninterrupted audio. Compatible with multiple devices, these earbuds allow easy switching between your phone, tablet, or laptop. Enjoy a seamless listening experience with crystal-clear sound for music, podcasts, and calls","【50H Playtime】Experience up to 50 hours of total playtime with our wireless earbuds and portable charging case. Perfect for gym sessions, daily commutes, or relaxing at home, these earbuds provide crystal-clear sound without the need for frequent recharging. Compact and stylish, they are the ultimate audio companion for your on-the-go lifestyle. Say goodbye to battery worries and enjoy uninterrupted listening freedom","【Open-Ear Design, All-Day Comfort】The open ear earbuds wireless bluetooth deliver clear, vibration-free sound for an exceptional audio experience. Featuring soft, adjustable ear hooks with an ergonomic design, they perfectly fit all ear shapes and remain comfortable even when wearing glasses. Enjoy all-day comfort while immersing yourself in music and staying aware of your surroundings. Whether for workouts or daily use, they are the perfect choice, balancing safety and entertainment effortlessly!","【360°Surround Stereo Sound】Open-ear headphones features exceptional sound transmission performance with a specially designed 13mm vibrating diaphragm speaker driver. It delivers rich, immersive audio with deep bass and crisp treble. Equipped with advanced directional audio technology, it effectively minimizes sound leakage, providing a more private and personalized listening experience. Enjoy your favorite music to the fullest!","【Smart Touch Control & IPX5 Waterproof 】These open ear wireless bluetooth earphones offer convenient touch controls, allowing you to adjust the volume, switch songs, or answer calls with a simple tap. The built-in voice assistant support lets you control your device with voice commands, freeing up your hands for a more intelligent experience. The IP54 waterproof design effectively protects against sweat and splashes, making it perfect for sports, outdoor activities, and everyday use. Whether you're working out or commuting in the rain, these earphones provide reliable audio performance.",https://m.media-amazon.com/images/I/71R+y0aaM0L._AC_SY355_.jpg,data/amazon_3c/filtered_30_opportunities/images/B0GWJGS78S.jpg,https://www.amazon.com/dp/B0GWJGS78S,https://www.amazon.com/gp/new-releases/electronics/99530371011/ref=zg_bsnr_nav_electronics_2_172541,case,"battery, bluetooth, charging, smart, wireless",,
14,New Releases,Computers & Accessories,Computers & Accessories > Printers,Printers,B0GS635RT1,Smart AI Voice Sticker Printer Color LED Screen 7 Art Styles AI Chat Inkless Portable Thermal Label Maker Home Office Study DIY Organization Includes 5 Rolls Adhesive Thermal Paper,Brand: Lumetrix,$39.99,39.99,5.0,4,4,88,48,70,适合观察/二次验证,轻小件/配件属性明显，可通过材质、套装、颜色、兼容型号、包装和说明书做差异化；可做细分型号适配和外观差异，但要避免纯价格战；内容创作者场景可套装化，卖点能围绕直播/会议/拍摄效率展开,涉及battery、led、smart、wireless，需检查FCC/UL/电池/安全合规或售后责任,适合观察/二次验证；供应链侧可通过轻改款/组合装/配件化运营；上架前必须做合规和退货风险评估,"🎙️ Instant Voice-to-Sticker Magic – Just Speak, It Prints! Unleash creativity effortlessly! This AI sticker maker uses advanced voice recognition to turn your words into stickers instantly, plus new AI Chat for inspiration. No skills needed—7 art styles (Stick Figure, Line Art, Sketch, Anime, Cartoon, Ink Wash) bring ideas to life. Just press, talk, and print.","👁️ See It Before You Print: Smart Preview Screen Saves Paper & Frustration No more wasted paper! Upgraded with a vibrant Color LED Screen that displays your ideas in real time when you speak. Preview designs, refine with the AI button, and save money on extra paper.","🎨 Print & Color: Double the Fun with DIY Coloring Stickers Double the fun! Choose from 7 art styles, print crisp line art, and color with markers/crayons. Portable design lets you take this creative activity anywhere—two tools in one.","🖨️ Ink-Free & Mess-Free: Clean, Safe, and Endlessly Affordable Ink-free thermal printing—no messy ink, toner, or ribbons. Crisp, smudge-free lines, safe for any household, eco-friendly, and cost-effective for all users.","📱 Wireless Freedom & Long Battery Life – Create Anywhere, Anytime Create anywhere! Wireless connectivity and a rechargeable USB-C battery power this compact printer. Lightweight, fits in bags, perfect for home, travel, or on-the-go creativity.",https://m.media-amazon.com/images/I/810HFgQNIWL._AC_SY355_.jpg,data/amazon_3c/filtered_30_opportunities/images/B0GS635RT1.jpg,https://www.amazon.com/dp/B0GS635RT1,https://www.amazon.com/gp/new-releases/pc/172635/ref=zg_bsnr_nav_pc_1,"bag, bags, light","battery, led, smart, wireless",,
15,New Releases,Camera & Photo,Camera & Photo > Accessories,Accessories,B0GWCTB6WZ,"Custom Backdrop, Personalized Photo Backdrop Banner with Picture Logo Text, Customized Background Banner Cover for Birthday Wedding Graduation Christmas Baby Shower Photography, Made in USA",Brand: Acoweno,$9.99,9.99,5.0,5,5,78,60,70,适合观察/二次验证,轻小件/配件属性明显，可通过材质、套装、颜色、兼容型号、包装和说明书做差异化；内容创作者场景可套装化，卖点能围绕直播/会议/拍摄效率展开；评论壁垒相对不高，新品仍可能切入,涉及camera，需检查FCC/UL/电池/安全合规或售后责任,适合观察/二次验证；供应链侧可通过轻改款/组合装/配件化运营；上架前必须做合规和退货风险评估,"Easy Customization: Choose your favorite style and click “Customize Now” to start creating your backdrop. You can upload photos or text, select your preferred background colors, and adjust the layout on the customization page. Every design element is thoughtfully arranged to give your background a clean, balanced, and visually pleasing appearance.","Durable Material: Our personalized photo backdrop is made from smooth, lightweight polyester that creates a clean, even surface for your custom photos and text. The fabric is soft and wrinkle-resistant, ensuring long-lasting use and easy setup for any occasion.","Suitable for Many Occasions: This custom backdrop is perfect for a wide range of events, including birthdays, weddings, graduations, baby showers, corporate gatherings, themed parties. You can also upload your own backgrounds, making it easy to create a personalized look for any occasion.","Multiple Sizes Available: This custom backdrop banner is offered in a variety of sizes, including 5x3ft, 5x5ft, 5x8ft, 6x4ft, 6x6ft, 7x5ft, and 8x6ft. Each size is designed to provide a clear, even surface for photography, decorations, product displays, or events, making it a flexible choice for personal, professional, or celebration use.","Easy to Care: This personalized backdrop is lightweight and foldable, making it simple to store and transport. It’s washable, reusable, and long-lasting. To remove wrinkles, just iron the back at a low temperature, keeping your custom photos or designs looking neat and ready for any event.",https://m.media-amazon.com/images/I/91LM5ipqIxL._AC_SY355_.jpg,data/amazon_3c/filtered_30_opportunities/images/B0GWCTB6WZ.jpg,https://www.amazon.com/dp/B0GWCTB6WZ,https://www.amazon.com/gp/new-releases/photo/172435/ref=zg_bsnr_nav_photo_1,"cover, light",camera,,
16,New Releases,Computers & Accessories,Computers & Accessories,Computers & Accessories,B0G92PM3ZN,"Rave Hot Stickers for Music Festivals, Cool Designs, Strong Stick, Compliment Giver for Adults and Ravers (750 Stickers)",Visit the Amazefull Store,$8.99,8.99,5.0,3,3,71,68,70,适合观察/二次验证,轻小件/配件属性明显，可通过材质、套装、颜色、兼容型号、包装和说明书做差异化；结构件适合中国供应链开模或小改款，重点做稳定性、承重、安装体验；可做细分型号适配和外观差异，但要避免纯价格战,标品化/同质化明显，容易价格战,适合观察/二次验证；供应链侧可通过轻改款/组合装/配件化运营；需要避开纯同款，优先找细分人群或场景,"Spread Positive Energy at Raves & Festivals: Hand out these bold “HOT” compliment stickers to friends, strangers, and fellow ravers at EDM festivals, concerts, and parties. A fun and easy way to hype people up and share good vibes all night long.","HOT Stickers – 10 Unique Designs + Bonus Roll: Includes a bulk pack of 10 eye-catching, high-demand designs to keep every use fresh and exciting. Comes with a 500-piece sticker roll plus a BONUS 250-piece roll for extra value and longer-lasting supply.","Premium Waterproof Vinyl: Made from high-quality vinyl with a strong adhesive that sticks securely to clothing, phone cases, water bottles, hydration packs, and more. Finished with a glossy, waterproof, and scratch-resistant coating for durability.","Perfect for Raves, EDM Festivals & Events: Ideal for music festivals, raves, clubs, concerts, party favors, kandi trades, and event giveaways. Great for creating connections and unforgettable moments.","Bright, Fun & Vivid Designs: Designed with bold colors and attention-grabbing graphics that stand out under festival lights. Adds extra fun and personality to your rave experience.",https://m.media-amazon.com/images/I/61doZvBsaWL._AC_SX355_.jpg,data/amazon_3c/filtered_30_opportunities/images/B0G92PM3ZN.jpg,https://www.amazon.com/dp/B0G92PM3ZN,https://www.amazon.com/gp/new-releases/pc,"case, cases, light, stand",,phone case,
17,New Releases,Electronics,Electronics > Accessories & Supplies > Power Strips & Surge Protectors,Power Strips & Surge Protectors,B0GHXT3RGK,"Power Strip Surge Protector, OVERTOP 5 Ft Braided Extension Cord Flat Plug, 10 Widely Spaced Outlets with 6 USB Ports (2 USB C), Wall Mount Desk Charging Station for Home Office Dorm Essentials",Visit the Overtop Store,$18.81,18.81,4.6,44,44,82,54,69,适合观察/二次验证,轻小件/配件属性明显，可通过材质、套装、颜色、兼容型号、包装和说明书做差异化；结构件适合中国供应链开模或小改款，重点做稳定性、承重、安装体验；可做细分型号适配和外观差异，但要避免纯价格战,标品化/同质化明显，容易价格战；涉及charging、power strip、security、smart、surge protector，需检查FCC/UL/电池/安全合规或售后责任,适合观察/二次验证；供应链侧可通过轻改款/组合装/配件化运营；上架前必须做合规和退货风险评估；需要避开纯同款，优先找细分人群或场景,"16 In 1 Compact Power Strip with Surge Protection - With 10 widely spaced(1.57inch) AC outlets and 6 USB ports (2 USB-C ports)，Dimensions of OVERTOP 16 in 1 power strip is just 6.5"" x 4.3"" x 0.95""(Length*Width*Height) .This ultra-thin power strip allows to power up to most 16 devices simultaneously—convenient for organizing your desktop, entertainment center, or dorm room.","Wall Surge Protector with Usb Ports - The 6 USB ports(2 USB C ports and 4 USB A ports) could detect your personal devices automatically and charge up to 2.4A per port, a good choice for charging phones, tablets,smartwatches, and earphones without extra adapters or converters.","Flat Plug Extension Braided Cord - The 0.43-inch ultra-thin flat plug fits easily in tight spaces behind sofas or nightstands . The 5 ft braided extention cord is more flexible and durable than other regular plastic cords, designed to withstand daily wear and tear.","Long Extension Cord with Multiple Security Protection - Certified by ETL . OVERTOP surge protector power strip has overload protection, fire resistance, short-circuit protection, overheating protection and more. It features 1200 Joules surge protection rating to keep your electronic devices protected from voltage spikes. This multiple outlets power strip has overload protection and will light up red during normal using. The reset/off overload switch will trip off automatically to protect your electronic devices when power overloaded. Press the switch to restore.","Wall Mount& Anti-slip Rubber Feet - Two keyhole slots on the back allow you to securely mount the strip on walls,under desks or other various applications. Eight anti-slip rubber feet are on the bottom of the flat plug surge protector, which makes it more stable to stand on the desktop or on the wall.",https://m.media-amazon.com/images/I/51txWa8DP6L._AC_SY355_.jpg,data/amazon_3c/filtered_30_opportunities/images/B0GHXT3RGK.jpg,https://www.amazon.com/dp/B0GHXT3RGK,https://www.amazon.com/gp/new-releases/electronics/17854127011/ref=zg_bsnr_nav_electronics_2_281407,"adapter, light, mount, protector, stand","charging, power strip, security, smart, surge protector",adapter,
18,New Releases,Camera & Photo,Camera & Photo > Bags & Cases,Bags & Cases,B0GCNJGQ5W,"Camera Strap, Adjustable Cotton Neck and Shoulder Strap, Comfortable with Quick Release Buckles for DSLR and SLR",Brand: LSZXTTLS,$4.29,4.29,4.4,7,7,74,62,69,适合观察/二次验证,轻小件/配件属性明显，可通过材质、套装、颜色、兼容型号、包装和说明书做差异化；可做细分型号适配和外观差异，但要避免纯价格战；评论壁垒相对不高，新品仍可能切入,涉及camera，需检查FCC/UL/电池/安全合规或售后责任,适合观察/二次验证；供应链侧可通过轻改款/组合装/配件化运营；上架前必须做合规和退货风险评估；页面五点不足，需人工复核Listing,,,,,,https://m.media-amazon.com/images/I/71AnoMKgfWL._AC_SX342_.jpg,data/amazon_3c/filtered_30_opportunities/images/B0GCNJGQ5W.jpg,https://www.amazon.com/dp/B0GCNJGQ5W,https://www.amazon.com/gp/new-releases/photo/172437/ref=zg_bsnr_nav_photo_1,"bag, bags, case, cases, strap",camera,,卖点信息不足
19,New Releases,Computers & Accessories,Computers & Accessories > Networking Products,Networking Products,B0GWN1M837,"WiFi Extender Signal Booster for Home with 6 Antennas, Internet Booster, WiFi Repeater, Easy to Install and Suitable for Home use",Brand: HRLNNFO,$22.99,22.99,,,,80,50,66,适合观察/二次验证,轻小件/配件属性明显，可通过材质、套装、颜色、兼容型号、包装和说明书做差异化；价格带适合小件FBA和广告测试,涉及wi-fi、wifi、wireless，需检查FCC/UL/电池/安全合规或售后责任；评论数为空，可能是新品也可能是页面字段未公开，需求强度不确定,适合观察/二次验证；供应链侧可通过轻改款/组合装/配件化运营；上架前必须做合规和退货风险评估,"【Stable Signal Extender】This Wi-Fi signal booster offers up to 2.4GHz, minimizing data loss for fast browsing. you never have to worry about weak signals again. Expands coverage and provides stable signal.",【Advanced 6 Antenna Technology】Six adjustable external antennas provide excellent coverage for your home. Provides more stable signal coverage.,【Wide Compatibility】The Wi-Fi repeater is compatible with a wide range of devices Easily extend your Wi-Fi network without additional equipment.,【Quick and Easy Installation】Just follow the steps in the manual to connect the wifi repeater and easily extend your wireless coverage in just 5 minute to connect to your device.,,https://m.media-amazon.com/images/I/61X9RIP8LsL._AC_SY355_.jpg,data/amazon_3c/filtered_30_opportunities/images/B0GWN1M837.jpg,https://www.amazon.com/dp/B0GWN1M837,https://www.amazon.com/gp/new-releases/pc/172504/ref=zg_bsnr_nav_pc_1,cover,"wi-fi, wifi, wireless",,
20,New Releases,Electronics,Electronics > Accessories & Supplies > Power Strips & Surge Protectors,Power Strips & Surge Protectors,B0GF1RQ2SP,"6Ft Power Strip with Individual On/Off Switches, Flat Plug Extension Cord with 6 Outlets & 4 USB Ports(1 USB-C), Cruise Approved (No Surge Protector), Desk Charging Station for Home Office Dorm Travel",Visit the Chiefway Store,$16.99,16.99,4.9,32,32,78,52,66,适合观察/二次验证,轻小件/配件属性明显，可通过材质、套装、颜色、兼容型号、包装和说明书做差异化；结构件适合中国供应链开模或小改款，重点做稳定性、承重、安装体验；可做细分型号适配和外观差异，但要避免纯价格战,标品化/同质化明显，容易价格战；涉及charging、led、power strip、smart、surge protector，需检查FCC/UL/电池/安全合规或售后责任,适合观察/二次验证；供应链侧可通过轻改款/组合装/配件化运营；上架前必须做合规和退货风险评估；需要避开纯同款，优先找细分人群或场景,"10-in-1 Charging Hub for Every Device: Power your entire workspace with this individual switch power strip featuring 6 AC outlets, 3 USB-A ports, and 1 USB-C port. From laptops and phones to tablets and smart speakers, this power strip with USB ports keeps everything organized and fully charged on your desk or nightstand.","6 Individual Switches for Total Control: Take control of your setup with 6 independent switches—each one managing its own AC outlet. No more unplugging devices every day. This desktop USB power strip lets you instantly power on or off specific devices, making it the perfect USB charging station for home offices or study spaces.","Ultra-Thin Flat Plug – Fits Behind Furniture: Designed with a 0.47"" ultra-slim profile and a 45° right-angle plug, this flat plug extension cord with individual switches fits easily behind sofas, beds, and desks without bending cords. The low-profile flat extension cord 6/10 ft keeps your space clean and clutter-free.","Compact & Travel-Ready Design: Measuring just 9.0 x 2.53 x 1.2 inches, this slim flat plug power strip with USB C fits easily into backpacks or luggage. Compact yet powerful, it works perfectly as a portable plug extension outlet for travel, dorm rooms, or business trips. Cruise friendly design (no surge protection) makes it ideal for cruise cabins where traditional surge protectors are restricted.","Multi-Layer Safety Protection: Built with 10A overload protection, this long cord power strip automatically shuts off when the load exceeds the safe limit to protect your devices. A built-in circuit breaker provides an extra layer of safety, making it a reliable wall outlet extender and practical multi plug outlet solution for daily home and office use.",https://m.media-amazon.com/images/I/610VVpApnNL._AC_SY355_.jpg,data/amazon_3c/filtered_30_opportunities/images/B0GF1RQ2SP.jpg,https://www.amazon.com/dp/B0GF1RQ2SP,https://www.amazon.com/gp/new-releases/electronics/17854127011/ref=zg_bsnr_nav_electronics_2_281407,"adapter, hub, mount, protector, stand","charging, led, power strip, smart, surge protector",adapter,
21,New Releases,Electronics,Electronics > Accessories & Supplies > Cable Organizer Bags & Cases,Cable Organizer Bags & Cases,B0GGHDLQJV,"Cable Organizer Box Extra Wide, Travel Charger Cord Earphone Storage Case with Lid (Dark Green)",Brand: Atathro,$13.99,13.99,4.6,10,10,72,58,66,适合观察/二次验证,轻小件/配件属性明显，可通过材质、套装、颜色、兼容型号、包装和说明书做差异化；可做细分型号适配和外观差异，但要避免纯价格战；评论壁垒相对不高，新品仍可能切入,标品化/同质化明显，容易价格战；涉及charger、charging，需检查FCC/UL/电池/安全合规或售后责任,适合观察/二次验证；供应链侧可通过轻改款/组合装/配件化运营；上架前必须做合规和退货风险评估；需要避开纯同款，优先找细分人群或场景,"【COMPARTMENTS WITH EXTRA WIDE SLOTS】Compartments including extra wide area for plugs and chargers – fits multiple cables, adapters, earphones, and small accessories without tangling.","【COMPACT SIZE WITH LID】Compact dimensions approx. 9.6 x 5.9 x 2.6 inches (24.5 x 14.9 x 6.7 cm) with secure lid – ideal for desk drawer, backpack, suitcase, or travel storage.",【SEMI-TRANSPARENT FROSTED LID】Semi-transparent frosted lid in ink green – allows easy visual identification of contents without opening the box.,"【DURABLE PP MATERIAL】Made of durable PP plastic with rounded edges – sturdy, drop-resistant, and safe for cables and hands.","【VERSATILE ORGANIZER FOR ELECTRONICS】Versatile storage for charging cables, chargers, earphones, power banks, and other small electronics – perfect for home, office, or on-the-go use.",https://m.media-amazon.com/images/I/71cmELWCy-L._AC_SY355_.jpg,data/amazon_3c/filtered_30_opportunities/images/B0GGHDLQJV.jpg,https://www.amazon.com/dp/B0GGHDLQJV,https://www.amazon.com/gp/new-releases/electronics/290458/ref=zg_bsnr_nav_electronics_2_281407,"adapter, bag, bags, cable organizer, case, cases, organizer","charger, charging","adapter, cables",
22,New Releases,Electronics,Electronics > Accessories & Supplies > Telephone Accessories,Telephone Accessories,B0GJ5XX66T,"Phone Extension Cord 25 FT Long Phone Cable Line Wire, with Standard RJ11 Plug andIncludes Telephone Inline Coupler RJ11 Splitter and 20 Cable Clip Holders, Grey",Brand: ZTOXLR,$5.99,5.99,5.0,2,2,70,60,66,适合观察/二次验证,轻小件/配件属性明显，可通过材质、套装、颜色、兼容型号、包装和说明书做差异化；结构件适合中国供应链开模或小改款，重点做稳定性、承重、安装体验；评论壁垒相对不高，新品仍可能切入,涉及led，需检查FCC/UL/电池/安全合规或售后责任,适合观察/二次验证；供应链侧可通过轻改款/组合装/配件化运营；上架前必须做合规和退货风险评估,"1.Standard RJ11 6P4C Design : Male-to-male modular plugs, industry-standard for 1/2 phone lines, plug-and-play for instant installation without extra tools.","2. Universal Compatibility : 6p4c connector，Works seamlessly with all RJ11-enabled devices, including landline phones, fax machines, modems and answering machines.","3. Crystal-Clear Signal Transmission : Gold-plated copper core + gold-plated contact pins+ and durable PVC cover, no signal loss or voice distortion for smooth calls and stable data transfer","4. Flexible Length Options : Multiple optional lengths extend your phone line freely, allowing flexible placement of telecom devices away from wall jacks.","5. Strict Quality Tested : Each cord undergoes pre-shipment inspection, ensuring reliable performance and uninterrupted connection for home/office use.",https://m.media-amazon.com/images/I/61zsyZolPVL._SX342_.jpg,data/amazon_3c/filtered_30_opportunities/images/B0GJ5XX66T.jpg,https://www.amazon.com/dp/B0GJ5XX66T,https://www.amazon.com/gp/new-releases/electronics/172607/ref=zg_bsnr_nav_electronics_2_281407,"cover, holder, stand",led,,
23,New Releases,Electronics,Electronics > Accessories & Supplies > Telephone Accessories,Telephone Accessories,B0GJ5GPX2J,"Phone Extension Cord 100FT Long Phone Cable Line Wire, with Standard RJ11 Plug andIncludes Telephone Inline Coupler RJ11 Splitter and 35Cable Clip Holders, White",Brand: ZTOXLR,$7.99,7.99,3.5,3,3,75,50,64,谨慎，需补数据验证,轻小件/配件属性明显，可通过材质、套装、颜色、兼容型号、包装和说明书做差异化；结构件适合中国供应链开模或小改款，重点做稳定性、承重、安装体验；评论壁垒相对不高，新品仍可能切入,涉及led，需检查FCC/UL/电池/安全合规或售后责任；低评分说明质量/体验风险较高，需要先看差评原因,谨慎，需补数据验证；供应链侧可通过轻改款/组合装/配件化运营；上架前必须做合规和退货风险评估,"1.Standard RJ11 6P4C Design : Male-to-male modular plugs, industry-standard for 1/2 phone lines, plug-and-play for instant installation without extra tools.","2. Universal Compatibility : 6p4c connector，Works seamlessly with all RJ11-enabled devices, including landline phones, fax machines, modems and answering machines.","3. Crystal-Clear Signal Transmission : Gold-plated copper core + gold-plated contact pins+ and durable PVC cover, no signal loss or voice distortion for smooth calls and stable data transfer","4. Flexible Length Options : Multiple optional lengths extend your phone line freely, allowing flexible placement of telecom devices away from wall jacks.","5. Strict Quality Tested : Each cord undergoes pre-shipment inspection, ensuring reliable performance and uninterrupted connection for home/office use.",https://m.media-amazon.com/images/I/71Yvp5-PZmL._SX342_.jpg,data/amazon_3c/filtered_30_opportunities/images/B0GJ5GPX2J.jpg,https://www.amazon.com/dp/B0GJ5GPX2J,https://www.amazon.com/gp/new-releases/electronics/172607/ref=zg_bsnr_nav_electronics_2_281407,"cover, holder, stand",led,,
24,New Releases,Electronics,Electronics > Portable Audio & Video > Microcassette Recorders,Microcassette Recorders,B0GNKWYCJW,Alasum Blank Cassette Tapes 30 Min Recording Time Clear Audio Tapes with Transparent Shell for Music Speech DIY Mixtapes Compatible with Standard Cassette Players 2 Pack,Visit the Alasum Store,$5.79,5.79,,,,65,62,64,谨慎，需补数据验证,轻小件/配件属性明显，可通过材质、套装、颜色、兼容型号、包装和说明书做差异化；结构件适合中国供应链开模或小改款，重点做稳定性、承重、安装体验；可做细分型号适配和外观差异，但要避免纯价格战,评论数为空，可能是新品也可能是页面字段未公开，需求强度不确定,谨慎，需补数据验证；供应链侧可通过轻改款/组合装/配件化运营；更适合先做小批量测款,"Nostalgic Analog Recording Freedom: Embrace the classic charm of analog media with these sturdy blank cassette tapes. Perfect for capturing voice memos, music, or audio messages, these tapes offer a creative and tangible way to express yourself in format that feels both vintage and personal","Creative DIY Mixtape Potential: These tapes are ideal for crafting unique audio messages, musical compilations, or educational materials. Whether you are making a romantic mixtape or a historical project for school, the versatile format allows each tape to be fully to your specific creative needs","Charming Vintage Transparent Design: Featuring a classic transparent shell, these tapes showcase their internal mechanisms for a beautiful retro aesthetic. The clear design not only looks great but also makes a thoughtful and stylish gift for friends or family who appreciate analog craftsmanship","Ample Recording Time For Projects: Each cassette provides up to thirty minutes of high-fidelity recording time, making them suitable for a wide variety of audio applications. From recording short music demos to capturing meaningful speeches and interviews, these tapes offer enough duration to meet your diverse project requirements",Easy Organization And Labeling: The transparent exterior allows you to view the tape status at glance and makes labeling your recordings effortless. Each set comes with protective storage boxes to help you organize your collection and find your favorite recordings quickly without any confusion,https://m.media-amazon.com/images/I/71Oc5egeLpL._AC_SY355_.jpg,data/amazon_3c/filtered_30_opportunities/images/B0GNKWYCJW.jpg,https://www.amazon.com/dp/B0GNKWYCJW,https://www.amazon.com/gp/new-releases/electronics/172632/ref=zg_bsnr_nav_electronics_2_172623,"case, stand",,,
25,New Releases,Electronics,Electronics > Accessories & Supplies,Accessories & Supplies,B0GKN74GVK,"Kinglucky X50 Pillow Speaker for Sleeping, Built-in White Noise Sound Machine Pink Noise for Sleeping, Auto-Off Timer Portable Bluetooth Speaker Under Pillow Rechargeable for Side Sleeper, Blue",Visit the Kinglucky Store,$24.98,24.98,4.5,285,285,78,42,62,谨慎，需补数据验证,评论壁垒相对不高，新品仍可能切入；价格带适合小件FBA和广告测试,涉及battery、bluetooth、charging，需检查FCC/UL/电池/安全合规或售后责任,谨慎，需补数据验证；上架前必须做合规和退货风险评估,"Shared-bed friendly private listening. Trying to fall asleep to a podcast or calming audio while someone else is sleeping nearby? This pillow speaker for sleeping is designed for under-pillow placement, so the sound stays close to you instead of filling the whole bedroom like a phone speaker. It’s a more considerate setup for a shared bed, roommates, or late-night listening—great for sleep music, audiobooks, podcasts, meditation, and relaxing bedtime routines. Quick tip: For best clarity, place it near the pillow edge, close to your ear—it’s designed for close-range listening.","Two easy ways to play: Bluetooth Mode + built-in sleep sounds. Some nights you want your own playlist; other nights you just want something simple to drift off. Use Bluetooth Mode to stream from your phone (music, podcasts, audiobooks), then switch to Sleep Mode for built-in White Noise, Ocean Waves, and Rain Sounds—so you can keep the bedtime vibe going without staying on your screen or opening apps again. This two-mode setup is perfect for winding down, relaxing after a long day, or creating a consistent nighttime routine. Quick tip: In Bluetooth mode, volume depends on both your phone and the speaker—adjust both if it sounds too low.","Set it and forget it: Auto-Off Sleep Timer. Falling asleep with audio is great—waking up later to turn it off isn’t. With the auto-off sleep timer, you can choose 30/60/90 minutes and let the sleep pillow speaker shut off automatically while you drift off. It’s especially helpful if you listen to white noise, bedtime stories, or long podcasts and don’t want sound playing all night or waking you up later.","Ultra-thin 11mm comfort that doesn’t change your pillow. Most speakers feel bulky in bed and end up being annoying. This ultra-thin under-pillow speaker (11mm) is made to stay low-profile and sit flat under your pillow—no big bump, no weird pillow shape, no constant readjusting. At about 1.5oz (48g) and 9.6cm wide, it’s a compact mini portable sleep speaker that feels simple and unobtrusive for nightly use at home, in a dorm, or while traveling.","Bluetooth 6.0 + nightly-ready battery + USB-C charging + support. Built for everyday bedtime use: Bluetooth 6.0 helps pairing feel quick and the connection stay steady for smooth streaming. The 300mAh battery delivers up to 10 hours playback (at 60% volume)—enough for a full night routine—and USB-C charging makes it easy to recharge and use again tomorrow. And if anything isn’t right, just reach out—our support team will help you get it sorted.",https://m.media-amazon.com/images/I/71yFG3gXxbL._AC_SY355_.jpg,data/amazon_3c/filtered_30_opportunities/images/B0GKN74GVK.jpg,https://www.amazon.com/dp/B0GKN74GVK,https://www.amazon.com/gp/new-releases/electronics/281407/ref=zg_bsnr_nav_electronics_1,,"battery, bluetooth, charging",,
26,New Releases,Electronics,Electronics > Portable Audio & Video > MP3 & MP4 Players,MP3 & MP4 Players,B0GJBHRKGH,"Audio Music Player with FM Radio for Seniors Parent Elderly & Dementia Patients, MP3 Player Device with 32GB TF Card, Gift for Alzheimer's, Visually & Mobility-Impaired",Brand: HomeBryllic,$109.99,109.99,5.0,1,1,70,52,62,谨慎，需补数据验证,轻小件/配件属性明显，可通过材质、套装、颜色、兼容型号、包装和说明书做差异化；结构件适合中国供应链开模或小改款，重点做稳定性、承重、安装体验；评论壁垒相对不高，新品仍可能切入,涉及radio、wifi，需检查FCC/UL/电池/安全合规或售后责任,谨慎，需补数据验证；供应链侧可通过轻改款/组合装/配件化运营；上架前必须做合规和退货风险评估,"Zero Tech Frustration for Seniors: Ditch the confusing touch screens, complicated WiFi setups, and tiny buttons. This classic analog audio player for senior features an extralarge, highly visible frequency dial and smooth turning, oversized knobs. It’s intuitively designed so grandparents can effortlessly tune into their favorite AM/FM stations independently, even if they struggle with poor vision or arthritis","Crystal Clear Sound for Hard of Hearing: Equipped with a powerful, high performance builtin speaker, this simple music player for dementia delivers loud, room filling sound without distortion. The dedicated bass and treble tone control knob allows elderly users to customize the audio profile, making morning news broadcasts, talk shows, and baseball games exceptionally clear and easy to understand, ensuring they never miss a word","Rock Solid AM/FM Reception Anywhere: Featuring an upgraded DSP chip and an extralong, 360degree rotatable telescopic antenna, this radio guarantees a stable, staticfree connection. Whether they are relaxing in the living room, tinkering in the garage, or sitting on the porch, seniors can rely on continuous, high quality broadcasts of local weather, country music, or sports channels","Nostalgic Design & Daily Companionship: More than just a simple music player, its beautiful retro walnut wood finish brings back cherished memories of the golden days. It serves as a comforting, daily companion that cures loneliness, filling the house with familiar sounds. Its elegant vintage aesthetic also makes it a stylish home decor piece that appeals to all generations","The Most Thoughtful Gift for Aging Parents: Show your love with a gift they will actually use and appreciate every single day. Built to last and incredibly practical, this classic portable radio is the ultimate heartwarming present for elderly parents or grandparents on birthdays, Christmas, Mother's Day, or Father's Day, bringing endless joy and peace of mind to their golden years",https://m.media-amazon.com/images/I/7181cI5+zdL._AC_SY355_.jpg,data/amazon_3c/filtered_30_opportunities/images/B0GJBHRKGH.jpg,https://www.amazon.com/dp/B0GJBHRKGH,https://www.amazon.com/gp/new-releases/electronics/1264866011/ref=zg_bsnr_nav_electronics_2_172623,stand,"radio, wifi",,
27,New Releases,Electronics,Electronics > Portable Audio & Video > Portable DVD Players,Portable DVD Players,B0GRC5FL1K,"Aiwa - 14"" Portable Media Player Travel Kit, DVD & CD Player Portable with Swiveling Screen, Built-in Stereo Speakers, HDMI Input, Remote, Headphones, and Carry Bag (Black)",Visit the Aiwa Store,$115.21,115.21,4.4,30,30,64,58,61,谨慎，需补数据验证,轻小件/配件属性明显，可通过材质、套装、颜色、兼容型号、包装和说明书做差异化；可做细分型号适配和外观差异，但要避免纯价格战；评论壁垒相对不高，新品仍可能切入,标品化/同质化明显，容易价格战；涉及wi-fi，需检查FCC/UL/电池/安全合规或售后责任,谨慎，需补数据验证；供应链侧可通过轻改款/组合装/配件化运营；上架前必须做合规和退货风险评估；需要避开纯同款，优先找细分人群或场景,"Immersive 14"" Swiveling Screen: Enjoy crisp, vibrant visuals from any angle, perfect for sharing movies with family or solo viewing, provided by a versatile portable DVD player experience that adapts to your environment","Multi-Format Media Compatibility: Play DVDs, CDs, and video files effortlessly without Wi-Fi; this all-in-one portable CD player and DVD player lets you enjoy your favorite collection anytime, anywhere, without streaming limitations","Built-in Stereo Speakers & Headphones: Hear rich, dynamic audio through powerful onboard speakers or use the included wired headphones for private listening, making this CD player with speakers perfect for travel, road trips, or quiet environments","HDMI Input for Expanded Entertainment: Connect gaming consoles, streaming devices, or laptops with ease, instantly transforming this portable DVD player with screen into a versatile personal entertainment hub wherever you go","Travel-Ready Kit with Accessories: Comes complete with a remote control, protective carrying bag, AC/DC and car adapters, and user-friendly controls; this portable CD player with headphones ensures hassle-free entertainment for families and travelers",https://m.media-amazon.com/images/I/81ggQefAf1L._AC_SX342_.jpg,data/amazon_3c/filtered_30_opportunities/images/B0GRC5FL1K.jpg,https://www.amazon.com/dp/B0GRC5FL1K,https://www.amazon.com/gp/new-releases/electronics/172521/ref=zg_bsnr_nav_electronics_2_172623,"adapter, bag, hub, remote",wi-fi,adapter,
28,New Releases,Computers & Accessories,Computers & Accessories > Desktops,Desktops,B0GL7W53X4,"Bitcoins Miner Lucky Miner Bitaxes Gamma 601 SHA256 1.5TH/S 25W Low Power Home Solo ASIC Crypto Miner, Orange",Brand: Cryptovolmine,$69.99,69.99,3.8,6,6,68,50,60,谨慎，需补数据验证,评论壁垒相对不高，新品仍可能切入；现有体验可能有改进空间，可从差评中找结构/兼容/说明痛点,低评分说明质量/体验风险较高，需要先看差评原因,谨慎，需补数据验证；更适合先做小批量测款,"The Bitaxes Gamma 601 delivers a true 1.5TH/s SHA256 hashrate, ideal for Bitcoins solo and lottery mining enthusiasts.","Designed for efficiency, this bitcoin miner runs 24/7 with minimal electricity cost, perfect for home mining setups.","Small form factor and low noise operation make the Bitaxe 601 suitable for desktop, office, or home environments.","Built on an open ecosystem, the Gamma 601 allows advanced users and DIY miners to customize firmware and optimize performance.","Easy setup with quick network and power connection, making this 1.5TH/s miner a great entry-level Bitcoins miner for beginners.",https://m.media-amazon.com/images/I/71eDL0w5xEL._AC_SY355_.jpg,data/amazon_3c/filtered_30_opportunities/images/B0GL7W53X4.jpg,https://www.amazon.com/dp/B0GL7W53X4,https://www.amazon.com/gp/new-releases/pc/565098/ref=zg_bsnr_nav_pc_1,,,,
29,New Releases,Electronics,Electronics > eBook Readers & Accessories > Power Adapters,Power Adapters,B0GCZR172V,5V 1A DC Power Supply Adapter 5W AC/DC Charger AC 100V-240V to D C 5 Volt 1Amp 0.5A Replacement Power Cord for Security Camera Baby Monitor Graco Swing TV Box Raspberry Pi Type C,Brand: Generic,$9.99,9.99,5.0,1,1,68,48,59,谨慎，需补数据验证,轻小件/配件属性明显，可通过材质、套装、颜色、兼容型号、包装和说明书做差异化；内容创作者场景可套装化，卖点能围绕直播/会议/拍摄效率展开；评论壁垒相对不高，新品仍可能切入,标品化/同质化明显，容易价格战；涉及bluetooth、camera、charger、gps、led，需检查FCC/UL/电池/安全合规或售后责任,谨慎，需补数据验证；供应链侧可通过轻改款/组合装/配件化运营；上架前必须做合规和退货风险评估；需要避开纯同款，优先找细分人群或场景,"5V 1A Power Supply: Input: AC 100~240V, 50/60Hz; Output: DC 5V 1A 5W(Max). Polarity: Center Positive (+). Ouput current is 1A max it means that it can supply with all amperage which smaller than 1000mA, such as 5v 1A 0.8A 0.5A 1000mA 900mA 800mA 700mA 600mA 500mA 400mA 300mA 200mA 100mA etc.","5V 1A power adapter would meet your 90% power need for 5V household and office electronics, like portable bluetooth, wireless receivers, electrical toys, WS2812B WS2811 LED strip lights, games consoles, kids 4 wheeler, GPS, DVR, webcam, speaker, CCTV camera, lan phones, laptop cooler, external speaker, video baby monitor, mini fan, Router Kindle Fire Table, hard disk boxand more 5V devices. Not a phone/laptop charger！！！","Much more sturdy design than the others, this adapter was the perfect replacement for your lost 5V power cord. 5V adaptor manufactured with the highest quality materials and include multiple safe guarding against over voltage, short circuit,internal overheating.","!!! Important Note: Before purchasing, please ensure your device requires 5V/1A (5W) or less. Not suitable for devices with power requirements exceeding 5V/1A.","Package includes : 1 x 5V 1A ac/dc adapter, 1 x DC tips. Built-in multiple safety protection systems and safe to use. If you have any questions about the product, please do not hesitate to consult us before returning. We always support and provide excellent after-sales support!",https://m.media-amazon.com/images/I/51l4Hjv8LWL._AC_SY355_.jpg,data/amazon_3c/filtered_30_opportunities/images/B0GCZR172V.jpg,https://www.amazon.com/dp/B0GCZR172V,https://www.amazon.com/gp/new-releases/electronics/2642132011/ref=zg_bsnr_nav_electronics_2_2642125011,"adapter, light, webcam","bluetooth, camera, charger, gps, led, security, wireless",adapter,
30,New Releases,Computers & Accessories,Computers & Accessories > Routers,Routers,B0GW6LKFV3,"STARLINK Router MINI by SpaceX Compatible with Gen 2, Gen 3, V4, Mini Systems | Mesh-Ready, Dual-Band | Supports 128+ Devices",Brand: Generic,$149.99,149.99,5.0,1,1,55,48,52,谨慎，需补数据验证,轻小件/配件属性明显，可通过材质、套装、颜色、兼容型号、包装和说明书做差异化；内容创作者场景可套装化，卖点能围绕直播/会议/拍摄效率展开；评论壁垒相对不高，新品仍可能切入,涉及smart、wi-fi，需检查FCC/UL/电池/安全合规或售后责任,谨慎，需补数据验证；供应链侧可通过轻改款/组合装/配件化运营；上架前必须做合规和退货风险评估,"Compact & Modern Design – The Starlink Router Mini features a slim, minimalist profile (138 × 83.6 × 27 mm) that fits seamlessly into any home, office, or travel setup.","Wi-Fi 6 Performance – Delivers fast, stable dual-band connectivity optimized for Starlink Gen 2 & Gen 3 systems, ideal for streaming, gaming, and browsing.","Multi-Device Capacity – Supports up to 128 connected devices simultaneously, ensuring smooth performance for smart homes, offices, and rentals.",Mesh-Ready Expansion – Works with Starlink mesh nodes to extend coverage and eliminate Wi-Fi dead zones in larger spaces.,"Portable & Efficient – Lightweight and space-saving, perfect for compact installations or users who need a travel-friendly Starlink router option.",https://m.media-amazon.com/images/I/31xw9KyP4fL._AC_SY355_.jpg,data/amazon_3c/filtered_30_opportunities/images/B0GW6LKFV3.jpg,https://www.amazon.com/dp/B0GW6LKFV3,https://www.amazon.com/gp/new-releases/pc/300189/ref=zg_bsnr_nav_pc_1,"cover, light","smart, wi-fi",,
