source,department,category_path,category_name,category_url,category_node,asin,rank_on_page,page_asin_count,depth,fetch_status,fetch_note
New Releases,Electronics,Electronics,Electronics,https://www.amazon.com/gp/new-releases/electronics,electronics,B0GJTFXNRX,1,31,0,ok,
New Releases,Computers & Accessories,Computers & Accessories,Computers & Accessories,https://www.amazon.com/gp/new-releases/pc,pc,B0GR6FHGXX,1,31,0,ok,
New Releases,Cell Phones & Accessories,Cell Phones & Accessories,Cell Phones & Accessories,https://www.amazon.com/gp/new-releases/wireless,wireless,B0G4SWDH8P,1,31,0,ok,
New Releases,Camera & Photo,Camera & Photo,Camera & Photo,https://www.amazon.com/gp/new-releases/photo,photo,B0GT4LVKLZ,1,31,0,ok,
New Releases,Video Games,Video Games,Video Games,https://www.amazon.com/gp/new-releases/videogames,videogames,B0GKJB6G12,1,31,0,ok,
New Releases,Electronics,Electronics > Accessories & Supplies,Accessories & Supplies,https://www.amazon.com/gp/new-releases/electronics/281407/ref=zg_bsnr_nav_electronics_1,ref=zg_bsnr_nav_electronics_1,B0G1PJLWLZ,2,31,1,ok,
New Releases,Electronics,Electronics > Camera & Photo,Camera & Photo,https://www.amazon.com/gp/new-releases/electronics/502394/ref=zg_bsnr_nav_electronics_1,ref=zg_bsnr_nav_electronics_1,B0H14ZBX3M,1,31,1,ok,
New Releases,Electronics,Electronics > Car Electronics,Car Electronics,https://www.amazon.com/gp/new-releases/electronics/1077068/ref=zg_bsnr_nav_electronics_1,ref=zg_bsnr_nav_electronics_1,B0GWTQNVCV,1,31,1,ok,
New Releases,Electronics,Electronics > Cell Phones & Accessories,Cell Phones & Accessories,https://www.amazon.com/gp/new-releases/electronics/2811119011/ref=zg_bsnr_nav_electronics_1,ref=zg_bsnr_nav_electronics_1,B0GQ6VV79M,4,31,1,ok,
New Releases,Electronics,Electronics > Computers & Accessories,Computers & Accessories,https://www.amazon.com/gp/new-releases/electronics/541966/ref=zg_bsnr_nav_electronics_1,ref=zg_bsnr_nav_electronics_1,B0G1MRLXMV,2,31,1,ok,
New Releases,Electronics,Electronics > GPS & Navigation,GPS & Navigation,https://www.amazon.com/gp/new-releases/electronics/172526/ref=zg_bsnr_nav_electronics_1,ref=zg_bsnr_nav_electronics_1,B0GR4L2XSB,2,31,1,ok,
New Releases,Electronics,Electronics > Headphones,Headphones,https://www.amazon.com/gp/new-releases/electronics/172541/ref=zg_bsnr_nav_electronics_1,ref=zg_bsnr_nav_electronics_1,B0GSS4SGZR,2,31,1,ok,
New Releases,Electronics,Electronics > Home Audio & Theater,Home Audio & Theater,https://www.amazon.com/gp/new-releases/electronics/667846011/ref=zg_bsnr_nav_electronics_1,ref=zg_bsnr_nav_electronics_1,B0G9GQLST4,1,31,1,ok,
New Releases,Electronics,Electronics > Marine Electronics,Marine Electronics,https://www.amazon.com/gp/new-releases/electronics/319574011/ref=zg_bsnr_nav_electronics_1,ref=zg_bsnr_nav_electronics_1,B0FS97YWS9,1,31,1,ok,
New Releases,Electronics,Electronics > Office Electronics,Office Electronics,https://www.amazon.com/gp/new-releases/electronics/172574/ref=zg_bsnr_nav_electronics_1,ref=zg_bsnr_nav_electronics_1,B0GXZVRK3R,1,31,1,ok,
New Releases,Electronics,Electronics > Portable Audio & Video,Portable Audio & Video,https://www.amazon.com/gp/new-releases/electronics/172623/ref=zg_bsnr_nav_electronics_1,ref=zg_bsnr_nav_electronics_1,B0GV214XQ9,1,31,1,ok,
New Releases,Electronics,Electronics > Security & Surveillance,Security & Surveillance,https://www.amazon.com/gp/new-releases/electronics/524136/ref=zg_bsnr_nav_electronics_1,ref=zg_bsnr_nav_electronics_1,B0F14N7HHH,1,31,1,ok,
New Releases,Electronics,Electronics > Service & Replacement Plans,Service & Replacement Plans,https://www.amazon.com/gp/new-releases/electronics/16285901/ref=zg_bsnr_nav_electronics_1,ref=zg_bsnr_nav_electronics_1,B0GP92CTQR,1,9,1,ok,
New Releases,Electronics,Electronics > Televisions & Video,Televisions & Video,https://www.amazon.com/gp/new-releases/electronics/1266092011/ref=zg_bsnr_nav_electronics_1,ref=zg_bsnr_nav_electronics_1,B0DJGDC3BD,1,31,1,ok,
New Releases,Electronics,Electronics > Video Game Consoles & Accessories,Video Game Consoles & Accessories,https://www.amazon.com/gp/new-releases/electronics/7926841011/ref=zg_bsnr_nav_electronics_1,ref=zg_bsnr_nav_electronics_1,B0GWJHDCBQ,1,31,1,ok,
New Releases,Electronics,Electronics > Video Projectors,Video Projectors,https://www.amazon.com/gp/new-releases/electronics/300334/ref=zg_bsnr_nav_electronics_1,ref=zg_bsnr_nav_electronics_1,B0GGH9DJ9Q,1,31,1,ok,
New Releases,Electronics,Electronics > Wearable Technology,Wearable Technology,https://www.amazon.com/gp/new-releases/electronics/10048700011/ref=zg_bsnr_nav_electronics_1,ref=zg_bsnr_nav_electronics_1,B0GTMTZF3V,1,31,1,ok,
New Releases,Electronics,Electronics > eBook Readers & Accessories,eBook Readers & Accessories,https://www.amazon.com/gp/new-releases/electronics/2642125011/ref=zg_bsnr_nav_electronics_1,ref=zg_bsnr_nav_electronics_1,B0GPXPK65X,1,31,1,ok,
New Releases,Computers & Accessories,Computers & Accessories > Computer Accessories & Peripherals,Computer Accessories & Peripherals,https://www.amazon.com/gp/new-releases/pc/172456/ref=zg_bsnr_nav_pc_1,ref=zg_bsnr_nav_pc_1,B0GF74ZGDZ,1,31,1,ok,
New Releases,Computers & Accessories,Computers & Accessories > Computer Components,Computer Components,https://www.amazon.com/gp/new-releases/pc/193870011/ref=zg_bsnr_nav_pc_1,ref=zg_bsnr_nav_pc_1,B0GMLJCBBM,1,31,1,ok,
New Releases,Computers & Accessories,Computers & Accessories > Data Storage,Data Storage,https://www.amazon.com/gp/new-releases/pc/1292110011/ref=zg_bsnr_nav_pc_1,ref=zg_bsnr_nav_pc_1,B0GG4BTNXY,1,31,1,ok,
New Releases,Computers & Accessories,Computers & Accessories > Desktops,Desktops,https://www.amazon.com/gp/new-releases/pc/565098/ref=zg_bsnr_nav_pc_1,ref=zg_bsnr_nav_pc_1,B0GKD6MMSY,1,31,1,ok,
New Releases,Computers & Accessories,Computers & Accessories > External Components,External Components,https://www.amazon.com/gp/new-releases/pc/3012292011/ref=zg_bsnr_nav_pc_1,ref=zg_bsnr_nav_pc_1,B0G34NJ11Y,2,31,1,ok,
New Releases,Computers & Accessories,Computers & Accessories > Laptop Accessories,Laptop Accessories,https://www.amazon.com/gp/new-releases/pc/3011391011/ref=zg_bsnr_nav_pc_1,ref=zg_bsnr_nav_pc_1,B0GSQZH26T,1,31,1,ok,
New Releases,Computers & Accessories,Computers & Accessories > Laptops,Laptops,https://www.amazon.com/gp/new-releases/pc/565108/ref=zg_bsnr_nav_pc_1,ref=zg_bsnr_nav_pc_1,B0GR1493ZV,2,31,1,ok,
New Releases,Computers & Accessories,Computers & Accessories > Monitors,Monitors,https://www.amazon.com/gp/new-releases/pc/1292115011/ref=zg_bsnr_nav_pc_1,ref=zg_bsnr_nav_pc_1,B0GLV9PML4,1,31,1,ok,
New Releases,Computers & Accessories,Computers & Accessories > Networking Products,Networking Products,https://www.amazon.com/gp/new-releases/pc/172504/ref=zg_bsnr_nav_pc_1,ref=zg_bsnr_nav_pc_1,B0GT4W54V2,1,31,1,ok,
New Releases,Computers & Accessories,Computers & Accessories > Printers,Printers,https://www.amazon.com/gp/new-releases/pc/172635/ref=zg_bsnr_nav_pc_1,ref=zg_bsnr_nav_pc_1,B08DRMMFH3,1,31,1,ok,
New Releases,Computers & Accessories,Computers & Accessories > Routers,Routers,https://www.amazon.com/gp/new-releases/pc/300189/ref=zg_bsnr_nav_pc_1,ref=zg_bsnr_nav_pc_1,B0GLP6QL6R,1,31,1,ok,
New Releases,Computers & Accessories,Computers & Accessories > Scanners,Scanners,https://www.amazon.com/gp/new-releases/pc/172584/ref=zg_bsnr_nav_pc_1,ref=zg_bsnr_nav_pc_1,B0GJSBC2MR,1,31,1,ok,
New Releases,Computers & Accessories,Computers & Accessories > Servers,Servers,https://www.amazon.com/gp/new-releases/pc/11036071/ref=zg_bsnr_nav_pc_1,ref=zg_bsnr_nav_pc_1,B0GFXXB3BT,1,13,1,ok,
New Releases,Computers & Accessories,Computers & Accessories > Tablet Accessories,Tablet Accessories,https://www.amazon.com/gp/new-releases/pc/2348628011/ref=zg_bsnr_nav_pc_1,ref=zg_bsnr_nav_pc_1,B0GJZGJDXN,2,31,1,ok,
New Releases,Computers & Accessories,Computers & Accessories > Tablets,Tablets,https://www.amazon.com/gp/new-releases/pc/1232597011/ref=zg_bsnr_nav_pc_1,ref=zg_bsnr_nav_pc_1,B0FVXMHHRP,1,31,1,ok,
New Releases,Computers & Accessories,Computers & Accessories > Warranties & Services,Warranties & Services,https://www.amazon.com/gp/new-releases/pc/16285851/ref=zg_bsnr_nav_pc_1,ref=zg_bsnr_nav_pc_1,B0GPDSR9BP,2,9,1,ok,
New Releases,Cell Phones & Accessories,Cell Phones & Accessories > Accessories,Accessories,https://www.amazon.com/gp/new-releases/wireless/2407755011/ref=zg_bsnr_nav_wireless_1,ref=zg_bsnr_nav_wireless_1,B0FHWK3W1S,5,31,1,ok,
New Releases,Cell Phones & Accessories,"Cell Phones & Accessories > Cases, Holsters & Clips","Cases, Holsters & Clips",https://www.amazon.com/gp/new-releases/wireless/2407760011/ref=zg_bsnr_nav_wireless_1,ref=zg_bsnr_nav_wireless_1,B0GD2M6XGB,1,31,1,ok,
New Releases,Cell Phones & Accessories,Cell Phones & Accessories > Cell Phones,Cell Phones,https://www.amazon.com/gp/new-releases/wireless/7072561011/ref=zg_bsnr_nav_wireless_1,ref=zg_bsnr_nav_wireless_1,B0FXY18C1J,2,31,1,ok,
New Releases,Cell Phones & Accessories,Cell Phones & Accessories > SIM Cards & Prepaid Minutes,SIM Cards & Prepaid Minutes,https://www.amazon.com/gp/new-releases/wireless/3345523011/ref=zg_bsnr_nav_wireless_1,ref=zg_bsnr_nav_wireless_1,B0GGB916NZ,1,31,1,ok,
New Releases,Camera & Photo,Camera & Photo > Accessories,Accessories,https://www.amazon.com/gp/new-releases/photo/172435/ref=zg_bsnr_nav_photo_1,ref=zg_bsnr_nav_photo_1,B0GDWQM5G2,1,31,1,ok,
New Releases,Camera & Photo,Camera & Photo > Bags & Cases,Bags & Cases,https://www.amazon.com/gp/new-releases/photo/172437/ref=zg_bsnr_nav_photo_1,ref=zg_bsnr_nav_photo_1,B0GHSYKB1W,2,31,1,ok,
New Releases,Camera & Photo,Camera & Photo > Binoculars & Scopes,Binoculars & Scopes,https://www.amazon.com/gp/new-releases/photo/499320/ref=zg_bsnr_nav_photo_1,ref=zg_bsnr_nav_photo_1,B0G5ZSSN1N,2,31,1,ok,
New Releases,Camera & Photo,Camera & Photo > Camcorders,Camcorders,https://www.amazon.com/gp/new-releases/photo/172421/ref=zg_bsnr_nav_photo_1,ref=zg_bsnr_nav_photo_1,B0GRH9X7R7,1,31,1,ok,
New Releases,Camera & Photo,Camera & Photo > DSLR Cameras,DSLR Cameras,https://www.amazon.com/gp/new-releases/photo/3017941/ref=zg_bsnr_nav_photo_1,ref=zg_bsnr_nav_photo_1,B0GGD5WFYT,1,31,1,ok,
New Releases,Camera & Photo,Camera & Photo > Digital Picture Frames,Digital Picture Frames,https://www.amazon.com/gp/new-releases/photo/525460/ref=zg_bsnr_nav_photo_1,ref=zg_bsnr_nav_photo_1,B0GTZ1Z4N3,1,31,1,ok,
New Releases,Camera & Photo,Camera & Photo > Lenses,Lenses,https://www.amazon.com/gp/new-releases/photo/499248/ref=zg_bsnr_nav_photo_1,ref=zg_bsnr_nav_photo_1,B0GW8LK7DW,1,31,1,ok,
New Releases,Camera & Photo,Camera & Photo > Point & Shoot Digital Cameras,Point & Shoot Digital Cameras,https://www.amazon.com/gp/new-releases/photo/330405011/ref=zg_bsnr_nav_photo_1,ref=zg_bsnr_nav_photo_1,B0GD64ZKCF,1,31,1,ok,
New Releases,Camera & Photo,Camera & Photo > Surveillance Cameras,Surveillance Cameras,https://www.amazon.com/gp/new-releases/photo/898400/ref=zg_bsnr_nav_photo_1,ref=zg_bsnr_nav_photo_1,B0FR8CPD7F,2,31,1,ok,
New Releases,Video Games,Video Games > Mac Games,Mac Games,https://www.amazon.com/gp/new-releases/videogames/229647/ref=zg_bsnr_nav_videogames_1,ref=zg_bsnr_nav_videogames_1,B0GMLBSSTD,1,31,1,ok,
New Releases,Video Games,Video Games > Microconsoles,Microconsoles,https://www.amazon.com/gp/new-releases/videogames/19497043011/ref=zg_bsnr_nav_videogames_1,ref=zg_bsnr_nav_videogames_1,B00LG0I9ZQ,2,31,1,ok,
New Releases,Video Games,Video Games > More Systems,More Systems,https://www.amazon.com/gp/new-releases/videogames/294940/ref=zg_bsnr_nav_videogames_1,ref=zg_bsnr_nav_videogames_1,B0GLDN85ZG,2,31,1,ok,
New Releases,Video Games,Video Games > Nintendo 3DS & 2DS,Nintendo 3DS & 2DS,https://www.amazon.com/gp/new-releases/videogames/2622269011/ref=zg_bsnr_nav_videogames_1,ref=zg_bsnr_nav_videogames_1,B0GK27TX1F,1,26,1,ok,
New Releases,Video Games,Video Games > Nintendo DS,Nintendo DS,https://www.amazon.com/gp/new-releases/videogames/11075831/ref=zg_bsnr_nav_videogames_1,ref=zg_bsnr_nav_videogames_1,B0GSCCJW1V,2,21,1,ok,
New Releases,Video Games,Video Games > Nintendo Switch,Nintendo Switch,https://www.amazon.com/gp/new-releases/videogames/16227128011/ref=zg_bsnr_nav_videogames_1,ref=zg_bsnr_nav_videogames_1,B0GKPV34CK,3,31,1,ok,
New Releases,Video Games,Video Games > Nintendo Switch 2,Nintendo Switch 2,https://www.amazon.com/gp/new-releases/videogames/206234609011/ref=zg_bsnr_nav_videogames_1,ref=zg_bsnr_nav_videogames_1,B0GZSLD685,1,31,1,ok,
New Releases,Video Games,Video Games > PC Games,PC Games,https://www.amazon.com/gp/new-releases/videogames/229575/ref=zg_bsnr_nav_videogames_1,ref=zg_bsnr_nav_videogames_1,B0G12HGHGM,1,31,1,ok,
New Releases,Video Games,Video Games > PlayStation 3,PlayStation 3,https://www.amazon.com/gp/new-releases/videogames/14210751/ref=zg_bsnr_nav_videogames_1,ref=zg_bsnr_nav_videogames_1,B0GQZ2BXJK,1,11,1,ok,
New Releases,Video Games,Video Games > PlayStation 4,PlayStation 4,https://www.amazon.com/gp/new-releases/videogames/6427814011/ref=zg_bsnr_nav_videogames_1,ref=zg_bsnr_nav_videogames_1,B0GSZFLQS7,1,31,1,ok,
New Releases,Video Games,Video Games > PlayStation 5,PlayStation 5,https://www.amazon.com/gp/new-releases/videogames/20972781011/ref=zg_bsnr_nav_videogames_1,ref=zg_bsnr_nav_videogames_1,B0FY929QN1,1,31,1,ok,
New Releases,Video Games,Video Games > PlayStation Vita,PlayStation Vita,https://www.amazon.com/gp/new-releases/videogames/3010556011/ref=zg_bsnr_nav_videogames_1,ref=zg_bsnr_nav_videogames_1,B0GKP5WDFG,1,12,1,ok,
New Releases,Video Games,Video Games > Sony PSP,Sony PSP,https://www.amazon.com/gp/new-releases/videogames/11075221/ref=zg_bsnr_nav_videogames_1,ref=zg_bsnr_nav_videogames_1,B0GC7H567H,1,8,1,ok,
New Releases,Video Games,Video Games > Virtual Reality,Virtual Reality,https://www.amazon.com/gp/new-releases/videogames/21479453011/ref=zg_bsnr_nav_videogames_1,ref=zg_bsnr_nav_videogames_1,B0G8Y3LQGY,1,31,1,ok,
New Releases,Video Games,Video Games > Wii,Wii,https://www.amazon.com/gp/new-releases/videogames/14218901/ref=zg_bsnr_nav_videogames_1,ref=zg_bsnr_nav_videogames_1,B0GJ14YXYJ,1,31,1,ok,
New Releases,Video Games,Video Games > Wii U,Wii U,https://www.amazon.com/gp/new-releases/videogames/3075112011/ref=zg_bsnr_nav_videogames_1,ref=zg_bsnr_nav_videogames_1,B0GHCYZLBR,2,17,1,ok,
New Releases,Video Games,Video Games > Xbox 360,Xbox 360,https://www.amazon.com/gp/new-releases/videogames/14220161/ref=zg_bsnr_nav_videogames_1,ref=zg_bsnr_nav_videogames_1,B0GRW5Q51R,1,23,1,ok,
New Releases,Video Games,Video Games > Xbox One,Xbox One,https://www.amazon.com/gp/new-releases/videogames/6469269011/ref=zg_bsnr_nav_videogames_1,ref=zg_bsnr_nav_videogames_1,B0F29F712R,1,31,1,ok,
New Releases,Video Games,Video Games > Xbox Series X,Xbox Series X,https://www.amazon.com/gp/new-releases/videogames/20972798011/ref=zg_bsnr_nav_videogames_1,ref=zg_bsnr_nav_videogames_1,B0GHC1548X,1,31,1,ok,
New Releases,Electronics,Electronics > Accessories & Supplies > Electronics,Electronics,https://www.amazon.com/gp/new-releases/electronics/ref=zg_bsnr_unv_electronics_1_281407_1,ref=zg_bsnr_unv_electronics_1_281407_1,B0GHPTPNWD,4,31,2,ok,
New Releases,Electronics,Electronics > Accessories & Supplies > Accessories,Accessories,https://www.amazon.com/gp/new-releases/electronics/172435/ref=zg_bsnr_nav_electronics_2_281407,ref=zg_bsnr_nav_electronics_2_281407,B0GCMDMH1X,2,31,2,ok,
New Releases,Electronics,Electronics > Accessories & Supplies > Accessories,Accessories,https://www.amazon.com/gp/new-releases/electronics/2407755011/ref=zg_bsnr_nav_electronics_2_281407,ref=zg_bsnr_nav_electronics_2_281407,B0GSD4KRC3,6,31,2,ok,
New Releases,Electronics,Electronics > Accessories & Supplies > Cable Organizer Bags & Cases,Cable Organizer Bags & Cases,https://www.amazon.com/gp/new-releases/electronics/290458/ref=zg_bsnr_nav_electronics_2_281407,ref=zg_bsnr_nav_electronics_2_281407,B0GL147DCT,1,31,2,ok,
New Releases,Electronics,Electronics > Accessories & Supplies > Cables,Cables,https://www.amazon.com/gp/new-releases/electronics/12954861/ref=zg_bsnr_nav_electronics_2_281407,ref=zg_bsnr_nav_electronics_2_281407,B0GKFLSHD4,1,31,2,ok,
New Releases,Electronics,Electronics > Accessories & Supplies > Cord Management,Cord Management,https://www.amazon.com/gp/new-releases/electronics/11042051/ref=zg_bsnr_nav_electronics_2_281407,ref=zg_bsnr_nav_electronics_2_281407,B0G9J4P626,1,31,2,ok,
New Releases,Electronics,Electronics > Accessories & Supplies > GPS System Accessories,GPS System Accessories,https://www.amazon.com/gp/new-releases/electronics/559942/ref=zg_bsnr_nav_electronics_2_281407,ref=zg_bsnr_nav_electronics_2_281407,B0GLXJM359,1,31,2,ok,
New Releases,Electronics,Electronics > Accessories & Supplies > Installation Services,Installation Services,https://www.amazon.com/gp/new-releases/electronics/2632817011/ref=zg_bsnr_nav_electronics_2_281407,ref=zg_bsnr_nav_electronics_2_281407,B0DVBL912R,1,1,2,ok,
New Releases,Electronics,Electronics > Accessories & Supplies > Microphones & Accessories,Microphones & Accessories,https://www.amazon.com/gp/new-releases/electronics/11974521/ref=zg_bsnr_nav_electronics_2_281407,ref=zg_bsnr_nav_electronics_2_281407,B0GR97WL5X,1,31,2,ok,
New Releases,Electronics,Electronics > Accessories & Supplies > Mounts,Mounts,https://www.amazon.com/gp/new-releases/electronics/10966911/ref=zg_bsnr_nav_electronics_2_281407,ref=zg_bsnr_nav_electronics_2_281407,B0GD62FK3Z,1,31,2,ok,
New Releases,Electronics,Electronics > Accessories & Supplies > Office Electronics Accessories,Office Electronics Accessories,https://www.amazon.com/gp/new-releases/electronics/172575/ref=zg_bsnr_nav_electronics_2_281407,ref=zg_bsnr_nav_electronics_2_281407,B0GLTW1TZM,1,31,2,ok,
New Releases,Electronics,Electronics > Accessories & Supplies > Power Strips & Surge Protectors,Power Strips & Surge Protectors,https://www.amazon.com/gp/new-releases/electronics/17854127011/ref=zg_bsnr_nav_electronics_2_281407,ref=zg_bsnr_nav_electronics_2_281407,B0FFGZH2S2,1,31,2,ok,
New Releases,Electronics,Electronics > Accessories & Supplies > Telephone Accessories,Telephone Accessories,https://www.amazon.com/gp/new-releases/electronics/172607/ref=zg_bsnr_nav_electronics_2_281407,ref=zg_bsnr_nav_electronics_2_281407,B0G81C8Q16,1,31,2,ok,
New Releases,Electronics,Electronics > Accessories & Supplies > Vehicle Electronics Accessories,Vehicle Electronics Accessories,https://www.amazon.com/gp/new-releases/electronics/10981291/ref=zg_bsnr_nav_electronics_2_281407,ref=zg_bsnr_nav_electronics_2_281407,B0GWMFSZWX,1,31,2,ok,
New Releases,Electronics,Electronics > Camera & Photo > Electronics,Electronics,https://www.amazon.com/gp/new-releases/electronics/ref=zg_bsnr_unv_electronics_1_502394_1,ref=zg_bsnr_unv_electronics_1_502394_1,B0GQVPX1PJ,6,31,2,ok,
New Releases,Electronics,Electronics > Camera & Photo > Accessories,Accessories,https://www.amazon.com/gp/new-releases/electronics/172435/ref=zg_bsnr_nav_electronics_2_502394,ref=zg_bsnr_nav_electronics_2_502394,B0GL9L4L9P,3,31,2,ok,
New Releases,Electronics,Electronics > Camera & Photo > Bags & Cases,Bags & Cases,https://www.amazon.com/gp/new-releases/electronics/172437/ref=zg_bsnr_nav_electronics_2_502394,ref=zg_bsnr_nav_electronics_2_502394,B0GD1GSYJL,3,31,2,ok,
New Releases,Electronics,Electronics > Camera & Photo > Binoculars & Scopes,Binoculars & Scopes,https://www.amazon.com/gp/new-releases/electronics/499320/ref=zg_bsnr_nav_electronics_2_502394,ref=zg_bsnr_nav_electronics_2_502394,B0GRYZ8P6D,3,31,2,ok,
New Releases,Electronics,Electronics > Camera & Photo > Digital Cameras,Digital Cameras,https://www.amazon.com/gp/new-releases/electronics/281052/ref=zg_bsnr_nav_electronics_2_502394,ref=zg_bsnr_nav_electronics_2_502394,B0GTQ6L31Y,2,31,2,ok,
